Theme,Secondary Theme,Sectors,Subsectors,Activity,Activity Examples,Activity Type,Adaptation Likelihood,"Maladaptation or
Significant Harm Risk","Maladaptation or
Significant Harm Criteria",Cities Relevance,Gender Relevance,Mitigation Co-Benefit,Mitigation Co-Benefit Type,Heat Stress,Cold Stress,Water Stress,Storm Conditions,Flooding,Mass Movement,Wildfire Conditions,Marine Conditions,Commercial Banks,Asset Managers,PE & VC,SMEs,Pension Funds,International Insurers,Multinational Corporations,Domestic Corporations,Households & Consumers
Agri-Food Systems,Industry and Commerce,Agricultural Production,Agricultural Production Monitoring & Protection,Decision-Support Tools and Services for Food Systems,"nutrient sensors, soil moisture sensors, farm management software for climate, agro-meteorological advisory services",Intelligence,Medium,No,Not Applicable,No,No,No,Not Applicable,X,X,X,X,X,X,X,X,X,X,X,X,,X,X,X,X
Agri-Food Systems,Infrastructure,Agricultural Production,Agricultural Production Monitoring & Protection,Monitoring and Early Warning Systems for Food Systems,"wildfire early warning system for food systems, pest monitoring and early warning for food systems",Intelligence,High,No,Not Applicable,No,No,No,Not Applicable,X,X,X,X,X,X,X,X,X,,X,X,,X,X,X,X
Agri-Food Systems,Social Systems,Agricultural Production,Agricultural Production Monitoring & Protection,Nonstructural Disaster Protection for Food Systems,"climate-responsive equipment leasing for food systems, relocation of agricultural activities in flood-prone areas, climate-responsive lease agreements for farmland",Enabling Activity,Medium ,No,Not Applicable,No,No,No,Not Applicable,X,X,X,X,X,X,X,X,,,,,,X,,,X
Agri-Food Systems,Infrastructure,Agricultural Production,Agricultural Production Monitoring & Protection,Structural Disaster Protection for Food Systems,"hail nets for animal production, windbreakers for crop protection, frost protection fans for crop production",Product or Service,Medium,No,Not Applicable,No,No,No,Not Applicable,X,X,,X,X,X,X,,X,,X,X,,X,X,X,X
Agri-Food Systems,Ecosystems,Agricultural Production,Agroforestry,Agroforestry,"alley cropping, silvopasture, tree Intercropping",Product or Service,Low,No,Not Applicable,No,No,Yes,Carbon Sequestration,X,,X,X,X,X,,,X,,X,X,,X,X,X,X
Agri-Food Systems,Industry and Commerce,Agricultural Production,Animal Production,Animal Production Automation,"automated precision feeding systems, robotic milking systems, automated disease detection for livestock",Product or Service,Low,Yes,4[M]: Inhibiting Necessary Change,No,No,Yes,Avoided Emissions,X,X,,X,X,,X,,X,X,X,X,,,X,X,
Agri-Food Systems,Industry and Commerce,Agricultural Production,Animal Production,Domestic Animal Rearing,"household chickens, household goats",Product or Service,Low,Yes,5[SH]: Inhibiting Climate Change Mitigation,Yes,No,No,Not Applicable,,,,X,,,,,,,,X,,,,,X
Agri-Food Systems,Industry and Commerce,Agricultural Production,Animal Production,Improved Breeds,"heat-tolerant breeds, drought-resistant breeds, flood-resistant breeds, pest-resistant breeds, cold-tolerant breeds",Product or Service,Medium,Yes,5[SH]: Inhibiting Climate Change Mitigation,No,No,Yes,Avoided Emissions,X,X,X,,,,,,X,X,X,X,,,X,,
Agri-Food Systems,Industry and Commerce,Agricultural Production,Animal Production,Improved Proteins,"pea proteins, lab-grown proteins, mycoprotein, spirulina",Product or Service,Medium,No,Not Applicable,Yes,No,Yes,Avoided Emissions,X,X,X,X,X,X,X,,X,X,X,X,,,X,X,
Agri-Food Systems,Industry and Commerce,Agricultural Production,Animal Production,Livestock Insurance,"livestock drought insurance, livestock flood insurance, wildfire insurance for cattle ranchers",Enabling Activity,Medium,Yes,4[M]: Inhibiting Necessary Change,No,No,No,Not Applicable,X,X,,,,,,,,,,,,X,,,
Agri-Food Systems,Industry and Commerce,Agricultural Production,Animal Production,Livestock Management,"rangeland management, rotational grazing, livestock diversification",Product or Service,Low,Yes,5[SH]: Inhibiting Climate Change Mitigation,No,No,Yes,Avoided Emissions,X,X,X,X,X,X,X,,X,,X,X,,,X,X,X
Agri-Food Systems,Ecosystems,Agricultural Production,Animal Production,Sustainable Hunting,"climate-responsive hunting seasons, rotational hunting areas, sustainable predator control",Product or Service,Low,No,Not Applicable,No,No,Yes,Avoided Emissions,,,X,X,X,,X,,,,,X,,,,,X
Agri-Food Systems,Industry and Commerce,Agricultural Production,Crop Production,Alternative Farming,"greenhouses, vertical farming, hydroponics, aquaponics, polyculture",Product or Service,Low,Yes,5[SH]: Inhibiting Climate Change Mitigation,Yes,No,Yes,Avoided Emissions,X,X,X,X,X,X,X,,X,,X,X,,,,,X
Agri-Food Systems,Infrastructure,Agricultural Production,Crop Production,Community Gardens,"community gardens in urban areas, urban rooftop gardens, intergenerational gardening programs",Product or Service,Low,No,Not Applicable,Yes,Yes,No,Not Applicable,,,,X,,,,,,,,X,,,,,X
Agri-Food Systems,Industry and Commerce,Agricultural Production,Crop Production,Crop Insurance,"crop failure insurance, parametric crop insurance, pest and disease insurance for crops",Enabling Activity,Medium,Yes,4[M]: Inhibiting Necessary Change,No,No,No,Not Applicable,X,X,X,X,X,X,X,,,,,,,X,,,
Agri-Food Systems,Industry and Commerce,Agricultural Production,Crop Production,Crop Production Automation,"robotics for crop production, self-driving tractors, smart irrigation drones, automated seeding and fertilizing drones",Product or Service,Low,No,Not Applicable,No,No,Yes,Avoided Emissions,X,X,X,X,,X,,,X,X,X,X,,,X,X,
Agri-Food Systems,Water and Sanitation,Agricultural Production,Crop Production,Efficient Irrigation,"drip irrigation, precision irrigation, high-efficiency pumps",Product or Service,Medium,No,Not Applicable,No,No,Yes,Avoided Emissions,,,X,,,,,,X,X,X,X,,X,X,X,X
Agri-Food Systems,Not Applicable,Agricultural Production,Crop Production,Improved Cultivars,"drought resilient crops, flood resilient crops, pest resistant crops, disease resistant crops, heat resistant crops, cold tolerant crops",Product or Service,High,No,Not Applicable,No,No,Yes,Avoided Emissions,X,X,X,X,X,X,,,X,X,X,X,,X,X,X,X
Agri-Food Systems,Ecosystems,Agricultural Production,Crop Production,Pest Management,"organic pesticides, organic herbicides, integrated weed management",Product or Service,Low,Yes,9[SH]: Inhibiting Protection of Biodiversity and Ecosystems,No,No,No,Not Applicable,X,,,X,X,,,,X,,X,X,,X,X,X,X
Agri-Food Systems,Ecosystems,Agricultural Production,Crop Production,Pollination Management,"insect corridors, apiculture, wildflower meadows and hedgerows",Product or Service,Low,No,Not Applicable,No,No,No,Not Applicable,X,X,,X,X,,,,X,,X,X,,X,X,X,X
Agri-Food Systems,Ecosystems,Agricultural Production,Crop Production,Resilient Soil Management,"organic inputs to soil, cover crops, tillage reduction, crop rotation, intercropping, crop diversification, crop residue management, urea deep placement, green manure, biochar, green charcoal, nitrogen-fixing perennials, composting",Product or Service,High,No,Not Applicable,No,No,Yes,Carbon Sequestration,X,X,X,X,X,,,,X,X,X,X,,X,X,X,X
Agri-Food Systems,Ecosystems,Agricultural Production,Crop Production,Terrain Management,"high-precision laser land leveling, terracing, geosynthetics",Product or Service,Low,No,Not Applicable,No,No,No,Not Applicable,,,X,,X,X,X,,X,,X,X,,,X,X,X
Agri-Food Systems,Not Applicable,Agricultural Production,Crop Production,Wild Harvesting,"sustainable mushroom harvesting, wild medicinal plant harvesting, nontimber forest product (ntfp) collection",Product or Service,Low,Yes,9[SH]: Inhibiting Protection of Biodiversity and Ecosystems,Yes,Yes,Yes,Avoided Emissions,,,X,X,,X,X,,,,,X,,,,,X
Agri-Food Systems,Ecosystems,Agricultural Production,Fishery Production,Aquaculture,"climate resilient aquaculture infrastructure, reservoir-based aquaculture, aquaponics systems, enhanced aeration techniques for aquaculture, shellfish aquaculture",Product or Service,Low,Yes,8[SH]: Inhibiting Pollution Prevention,No,No,Yes,Avoided Emissions,X,X,,,,,,X,X,,X,X,,,X,X,X
Agri-Food Systems,Industry and Commerce,Agricultural Production,Fishery Production,Aquaculture Insurance,"insurance for extreme weather events for aquaculture, disease outbreak insurance for aquaculture, drought-related loss insurance for aquaculture, insurance for salinity changes for aquaculture",Enabling Activity,Low,Yes,4[M]: Inhibiting Necessary Change,No,No,No,Not Applicable,X,X,X,X,X,X,X,X,,,,,,X,,,
Agri-Food Systems,Industry and Commerce,Agricultural Production,Fishery Production,Fishery Production Automation,"automated feeding systems for fishery production, climate-resilient hatchery automation, robotic fish harvesting, automated water quality monitoring for fishery production",Product or Service,Low,Yes,8[SH]: Inhibiting Pollution Prevention,No,No,Yes,Avoided Emissions,X,X,,,X,X,X,X,X,X,X,X,,,X,X,
Agri-Food Systems,Industry and Commerce,Agricultural Production,Fishery Production,Wild Catch,"community fishing, climate-responsive commercial fishing ",Product or Service,Low,Yes,9[SH]: Inhibiting Protection of Biodiversity and Ecosystems,No,No,No,Not Applicable,,,X,X,,X,X,X,X,X,X,X,X,,X,X,X
Agri-Food Systems,Water and Sanitation,"Agri-Food Logistics, Processing & Retail",Agricultural Waste Management,Agricultural Waste Management Systems,"reinforced manure storage facilities, covered anaerobic digesters for agricultural waste management, flood-proof composting sites",Product or Service,Low,No,Not Applicable,No,No,Yes,Avoided Emissions,,,,X,X,,,,X,X,,,X,,X,X,
Agri-Food Systems,Industry and Commerce,"Agri-Food Logistics, Processing & Retail",Manufacture of Food & Beverage Products,Food Processing Risk Hardening,"fire suppression systems for food processing, backup power systems for food processing, temperature-controlled storage for food processing, pest-resistant construction for food processing",Product or Service,Medium,No,Not Applicable,No,No,No,Not Applicable,X,X,X,X,X,,,,X,,X,X,,X,X,X,
Agri-Food Systems,Industry and Commerce,"Agri-Food Logistics, Processing & Retail",Retail of Food Products,Agribusiness Marketplaces,"farming collectives, digital marketplace for agri-food products",Enabling Activity,Medium,No,Not Applicable,Yes,Yes,No,Not Applicable,X,X,X,X,X,X,X,X,,,,X,,,X,X,X
Agri-Food Systems,Industry and Commerce,"Agri-Food Logistics, Processing & Retail",Wholesale of Agricultural Produce,Agri-Food Cold-Chain Storage,"off-grid solar cold rooms for food systems, low-energy cold storage solutions for food systems, flood-proof  pre-cooling technologies at harvest, IoT-enabled cold-chain management for food systems, regional cold-chain partnerships for food systems",Product or Service,Medium,Yes,5[SH]: Inhibiting Climate Change Mitigation,No,No,No,Not Applicable,X,,,,,,,,X,X,X,X,X,,X,X,
Agri-Food Systems,Infrastructure,"Agri-Food Logistics, Processing & Retail",Wholesale of Agricultural Produce,Agri-Food Transport Risk Hardening,"emergency response protocols for crop transport, multi-modal transport systems for food systems, anti-contamination protocols during food transport",Product or Service,Medium,Yes,5[SH]: Inhibiting Climate Change Mitigation,No,No,No,Not Applicable,X,X,,X,X,X,X,,X,X,X,X,X,,X,X,
Agri-Food Systems,Industry and Commerce,"Agri-Food Logistics, Processing & Retail",Wholesale of Agricultural Produce,Food Storage Risk Hardening,"temperature-controlled food storage facilities, flood-proof grain storage, pest-resistant storage bags, moisture-controlled food storage in humid climates, multi-compartment crop storage silos",Product or Service,Medium,No,Not Applicable,No,No,Yes,Avoided Emissions,X,X,,X,X,X,X,,X,,X,X,,X,X,X,X
Agri-Food Systems,Social Systems,Policy & Capacity Building,Policy & Capacity Building,Agri-Food Systems Policy & Capacity Building,"climate-resilient agriculture policy, climate-smart village programs, climate-smart livestock policy, regional climate adaptation plans for agriculture, agro-climatic zoning",Enabling Activity,Medium,No,Not Applicable,No,Yes,No,Not Applicable,X,X,X,X,X,X,X,X,,,,,,,,,
Ecosystems,Agri-Food Systems,Freshwater Ecology,Freshwater Ecosystem Entities,Freshwater Wildlife and Biodiversity Management,"freshwater invasive species control, freshwater species rehabilitation, establishment of corridors for freshwater species",Product or Service,Low,No,Not Applicable,No,No,No,Not Applicable,X,X,X,X,X,X,X,,,,,X,,,X,X,X
Ecosystems,Water and Sanitation,Freshwater Ecology,Freshwater Ecosystem Entities,Groundwater Protection,"pollution controls for groundwater protection, groundwater recharge zones protection, groundwater watershed protection initiatives",Product or Service,Low,No,Not Applicable,Yes,No,No,Not Applicable,,,X,,,X,X,,X,,X,X,,X,X,X,X
Ecosystems,Water and Sanitation,Freshwater Ecology,Freshwater Ecosystem Entities,Riparian Protection,"sediment management for riparian systems, riverbank stabilization, streambank stabilization, fencing to protect riparian areas, native plant restoration in riparian zones, erosion control measures for riparian systems",Product or Service,Medium,No,Not Applicable,Yes,No,Yes,Avoided Emissions,X,X,X,X,X,X,X,,,,,X,,,,X,X
Ecosystems,Water and Sanitation,Freshwater Ecology,Freshwater Ecosystem Entities,Surface Water Protection (excl. wetlands and rivers),"invasive species control for lakes, pollution controls for lakes, floodplain reconnection",Product or Service,Low,No,Not Applicable,Yes,No,Yes,Avoided Emissions,X,X,X,X,X,X,X,,,,,X,,,,X,X
Ecosystems,Water and Sanitation,Freshwater Ecology,Freshwater Ecosystem Entities,Wetland Protection,"protection of sediment transport systems for wetlands, creation of tidal marshes, seagrass meadows protection, rewetting peatlands, promoting natural buffers for wetland protection",Product or Service,Medium,No,Not Applicable,Yes,No,Yes,Carbon Sequestration,X,X,X,X,X,X,X,,,,,X,,,X,X,
Ecosystems,Industry and Commerce,Freshwater Ecology,Freshwater Ecosystem Services,Freshwater Ecosystem Insurance,"catastrophe bonds for freshwater ecosystems, parametric insurance for riverine flooding, insurance for wetland restoration projects",Enabling Activity,Medium,No,Not Applicable,No,No,No,Not Applicable,X,X,X,X,X,X,X,,,,,,,X,,,
Ecosystems,Infrastructure,Freshwater Ecology,Freshwater Ecosystem Services,Freshwater Ecosystem Monitoring and Early Warning,"water quality monitoring systems for freshwater ecosystems, biodiversity monitoring for freshwater ecosystems, satellite hydro morphology monitoring, zebra mussels alerts",Intelligence,Medium,No,Not Applicable,No,No,No,Not Applicable,X,X,X,X,X,X,X,,,,X,X,,,X,X,
Ecosystems,Not Applicable,Marine Ecology,Marine Ecosystem Entities,Coastal Ecosystem Protection,"mangrove nurseries protection, coral reef restoration, erosion mitigation for coastal ecosystems",Product or Service,Medium,No,Not Applicable,Yes,Yes,Yes,Avoided Emissions,X,X,,X,,,X,X,,,X,X,,,,X,
Ecosystems,Agri-Food Systems,Marine Ecology,Marine Ecosystem Entities,Marine Wildlife and Biodiversity Management,"invasive species control for marine ecosystems, species rehabilitation for marine ecosystems, establishment of corridors for marine ecosystems, fishing quotas",Product or Service,Low,No,Not Applicable,No,No,No,Not Applicable,X,X,,X,,,X,X,X,X,X,X,,X,X,X,X
Ecosystems,Not Applicable,Marine Ecology,Marine Ecosystem Entities,Non-Coastal (pelagic) Ocean Ecosystem Protection,"climate-responsive deep-sea mining, minimally intrusive seabed mining, gear restrictions for deep-sea fishing",Product or Service,Low,No,Not Applicable,No,No,Yes,Avoided Emissions,X,X,,X,,,,X,,,,X,,,,,
Ecosystems,Industry and Commerce ,Marine Ecology,Marine Ecosystem Services,Ocean Ecosystem Insurance,"parametric coral bleaching insurance, coral reef insurance, marine biodiversity offset insurance",Enabling Activity,Medium,No,Not Applicable,No,No,No,Not Applicable,X,X,,X,,,X,X,,,X,,,X,,,
Ecosystems,Infrastructure,Marine Ecology,Marine Ecosystem Services,Ocean Ecosystem Monitoring and Early Warning,"ocean temperature monitoring, ocean PH monitoring, smart buoy for early warning, coral disease warning system, ocean acidification monitoring, biological monitoring with indicator species for ocean ecosystems",Intelligence,Medium,No,Not Applicable,No,No,No,Not Applicable,X,X,,X,,,X,X,,,X,X,,,,X,
Ecosystems,Social Systems,Policy & Capacity Building,Policy & Capacity Building,Ecosystem Policy & Capacity Building,"national biodiversity strategies and action plans, environmental impact assessment (eia) legislation, payment for ecosystem services (pes) schemes, ecosystem service valuation in policy-making",Enabling Activity,Medium,No,Not Applicable,No,No,No,Not Applicable,X,X,X,X,X,X,X,X,,,,,,,,,
Ecosystems,Agri-Food Systems,Terrestrial Ecology,Terrestrial Ecosystem Entities,Afforestation,"planting trees in previously un-forested areas, desert afforestation, reforestation of degraded lands",Product or Service,Low,Yes,5[SH]: Inhibiting Climate Change Mitigation,No,No,Yes,Carbon Sequestration,X,,X,X,X,X,,,,,X,X,,,,,X
Ecosystems,Agri-Food Systems,Terrestrial Ecology,Terrestrial Ecosystem Entities,Forest Protection,"vegetation diversity for forest protection, avoided deforestation, erosion control for forest protection, forest terracing",Product or Service,Low,No,Not Applicable,No,No,Yes,Carbon Sequestration,X,X,X,X,X,X,X,,,,X,X,,,,X,
Ecosystems,Agri-Food Systems,Terrestrial Ecology,Terrestrial Ecosystem Entities,Grassland Protection,"reseeding of grasslands, prescribed burning of grasslands, grassland buffers, patch-burn grazing for grassland protection, soil aeration for grassland protection",Product or Service,Low,No,Not Applicable,No,No,Yes,Carbon Sequestration,X,X,X,X,X,X,X,,,,,X,,,,,
Ecosystems,Social Systems,Terrestrial Ecology,Terrestrial Ecosystem Entities,Nonstructural Terrestrial Ecosystem Protection,"landowner incentives for terrestrial ecosystem conservation, forest stewardship council, conservation easements for terrestrial ecosystems, ecotourism guidelines for terrestrial ecosystems",Enabling Activity,Low,No,Not Applicable,No,No,Yes,Carbon Sequestration,X,X,X,X,X,X,X,,,,,,,X,,,
Ecosystems,Agri-Food Systems,Terrestrial Ecology,Terrestrial Ecosystem Entities,Terrestrial Wildlife and Biodiversity Management,"invasive species control for terrestrial ecosystems, species rehabilitation for terrestrial ecosystems, establishment of corridors in grasslands",Product or Service,Low,No,Not Applicable,No,No,No,Not Applicable,X,X,X,X,X,X,X,,,,,X,,,,X,X
Ecosystems,Health,Terrestrial Ecology,Terrestrial Ecosystem Entities,Wildfire Fire Management,"prescribed burning, forest thinning, firebreaks and fuel breaks, fuel reduction through grazing, fire-adapted community planning, fire-resilient landscape design",Product or Service,High,No,Not Applicable,Yes,No,Yes,Avoided Emissions,,,,,,,X,,X,X,X,X,,X,X,X,X
Ecosystems,Industry and Commerce,Terrestrial Ecology,Terrestrial Ecosystem Services,Terrestrial Ecosystem Insurance,"wildfire catastrophe insurance, parametric drought insurance for terrestrial ecosystems, parametric flood insurance for terrestrial ecosystems",Enabling Activity,Medium,No,Not Applicable,No,No,No,Not Applicable,X,X,X,X,X,X,X,,,,,,,X,,,
Ecosystems,Infrastructure,Terrestrial Ecology,Terrestrial Ecosystem Services,Terrestrial Ecosystem Monitoring and Early Warning,"land-use change monitoring of for terrestrial ecosystems, geospatial imaging for terrestrial ecosystems, remote sensing for terrestrial ecosystems, ground-based sensors for terrestrial ecosystem protection",Intelligence,Medium,No,Not Applicable,No,No,No,Not Applicable,X,X,X,X,X,X,X,,,,X,X,,,,X,
Health,Infrastructure,Healthcare Facilities and Products,Healthcare Facilities,Healthcare Facilities Risk Hardening,"decentralized energy systems and backup power for healthcare facilities, emergency water storage tanks for healthcare facilities, local sourcing agreements for healthcare facilities, air filtration and purification systems for healthcare facilities, disaster-resilient building materials for healthcare facilities",Product or Service,Medium,No,Not Applicable,Yes,No,Yes,Avoided Emissions,X,X,X,X,X,X,X,,X,X,X,X,X,X,X,X,
Health,Industry and Commerce,Healthcare Facilities and Products,Healthcare Products,Medical Products and Technologies Risk Hardening,"climate-resilient medical equipment and devices, temperature-stable pharmaceutical formulations, disaster-resilient telemedicine equipment",Product or Service,Medium,No,Not Applicable,Yes,No,No ,Not Applicable,X,X,X,X,X,X,X,,X,X,X,X,,X,X,X,
Health,Social Systems,Healthcare Services,Delivery of Treatment and Care,Communicable Diseases Treatment and Care,"vector-borne disease vaccines and treatments, long-lasting insecticidal nets, prophylactic treatments and preventative therapies",Product or Service,Low,No,Not Applicable,Yes,Yes,No,Not Applicable,X,,,,X,,,,X,,X,X,,X,X,X,X
Health,Social Systems,Healthcare Services,Delivery of Treatment and Care,Disease Monitoring & Alert,"real-time disease surveillance, remote sensing for disease prediction, geospatial disease tracking, automated outbreak detection, bio surveillance networks, wearable health monitoring devices, remote patient monitoring and alerts, drone-based disease surveillance, mobile apps for disease tracking",Intelligence,Low,No,Not Applicable,Yes,No,No,Not Applicable,X,,X,X,X,,,,X,,X,X,,X,X,X,
Health,Social Systems,Healthcare Services,Delivery of Treatment and Care,Health Workforce Risk Hardening,"climate-resilient healthcare worker transportation systems, emergency relocation services for health workforce during climate emergencies",Product or Service,Medium,No,Not Applicable,Yes,Yes,No,Not Applicable,X,X,X,X,X,X,X,,,,,X,,X,X,X,
Health,Social Systems,Healthcare Services,Delivery of Treatment and Care,Healthcare Access,"rural and remote healthcare outreach, virtual healthcare consultations, low-cost health insurance plans, deploying community health workers",Enabling Activity,Low,No,Not Applicable,Yes,Yes,No,Not Applicable,X,X,X,X,X,X,X,,,,,,,,,,
Health,Social Systems,Healthcare Services,Delivery of Treatment and Care,Healthcare Training,"community education on climate adaptive medications and practices, emergency preparedness and response training, training on climate-sensitive disease management, climate-aware reproductive health training",Enabling Activity,Low,No,Not Applicable,Yes,Yes,No,Not Applicable,X,X,X,X,X,X,X,,,,,X,,,X,X,
Health,Social Systems,Healthcare Services,Delivery of Treatment and Care,Mental Health Treatment and Care,"treatments for climate-induced mental health issues, climate anxiety and eco-anxiety interventions",Product or Service,High,No,Not Applicable,Yes,No,No,Not Applicable,X,X,X,X,X,X,X,,,,,,,,X,X,X
Health,Social Systems,Healthcare Services,Delivery of Treatment and Care,Non-Communicable Diseases Treatment and Care,"high-quality air filtration for climate-induced air pollution, management of heat-related Illnesses, cooling treatments for heat-related illnesses",Product or Service,Low,No,Not Applicable,Yes,No,No,Not Applicable,X,X,X,,,,X,,X,X,X,X,X,X,X,X,X
Health,Social Systems,Healthcare Services,Emergency Health Services,Management of Mortality from Acute Weather Events,"mobile medical equipment and units for acute weather events, health emergency monitoring solutions for acute weather events, remote medical consultations for acute weather events, rapid response medical teams for acute weather events, advanced trauma care and triage for acute weather events",Product or Service,High,No,Not Applicable,Yes,No,No,Not Applicable,X,X,,X,X,X,X,,,,X,X,,,X,X,
Health,Social Systems,Healthcare Services,Emergency Health Services,Management of Mortality from Chronic Climate Events,"rehydration units for chronic climate events, emergency preparedness kits for chronic climate events, emergency food and water distribution for chronic climate events",Product or Service,High,No,Not Applicable,Yes,No,No,Not Applicable,X,X,X,,,,,,,,X,X,,,X,X,
Health,Social Systems,Policy & Capacity Building,Policy & Capacity Building,Health Policy & Capacity Building,"resilient health infrastructure development planning, climate-health policy funding",Enabling Activity,Low,No,Not Applicable,Yes,Yes,No,Not Applicable,X,X,X,X,X,X,X,X,,,,,,,,,
Industry and Commerce,Not Applicable,Commercial Trade,Retail Trade,Retail Trade Risk Hardening,"multi-supplier sourcing for retail trade, local sourcing initiatives for retail trade, climate-resilient retail inventory storage",Product or Service,Medium,No,Not Applicable,Yes,No,Yes,Avoided Emissions,X,X,X,X,X,X,X,,X,X,X,X,X,X,X,X,
Industry and Commerce,Not Applicable,Commercial Trade,Wholesale Trade,Wholesale Trade Risk Hardening,"multiple sourcing agreements for wholesale trade, alternative transportation routes for wholesale trade, resilient warehousing and storage for wholesale trade",Product or Service,Medium,No,Not Applicable,Yes,No,Yes,Avoided Emissions,X,X,X,X,X,X,X,,X,X,X,X,,X,X,X,
Industry and Commerce,Infrastructure,Construction,Construction Materials,Climate Resilient Construction Materials,"high absorption construction materials, flood-resistant building materials, fire-retardant treated wood, cool roofing materials, wind-resistant sheathing, solar-reflective materials, water-resistant gypsum board, waterproof wall panels",Product or Service,High,No,Not Applicable,Yes,No,Yes,Avoided Emissions,X,X,X,X,X,X,X,X,X,,X,X,,,X,X,
Industry and Commerce,Infrastructure,Construction,Construction Processes,Construction Processes Risk Hardening,"protective equipment for construction works, onsite cooling devices for construction workers, prefabricated construction",Product or Service,Medium,No,Not Applicable,Yes,No,Yes,Avoided Emissions,X,X,X,X,X,X,X,X,X,X,X,X,X,X,X,X,
Industry and Commerce,Social Systems,Financial Services,Asset and Investment Management,Asset and Investment Management Risk Hardening,"climate stress testing for asset and investment managers, transparent climate-risk reporting and disclosure for asset and investment managers",Product or Service,Low,No,Not Applicable,No,No,No,Not Applicable,X,X,X,X,X,X,X,X,,X,,,X,X,,,
Industry and Commerce,Social Systems,Financial Services,Banking Services,Banking Services Risk Hardening,"digital banking platforms, remote customer service solutions for banking services, energy resilience for branches and ATMs",Product or Service,Low,No,Not Applicable,No,No,No,Not Applicable,X,X,X,X,X,X,X,X,X,,,,,,,,
Industry and Commerce,Social Systems,Financial Services,Financial Access,Payment Services,"mobile payment services, remittance services, financial inclusion programs, climate-responsive crypto, digital payment resilience in emergencies, climate-resilient remittance corridors",Enabling Activity,Medium,No,Not Applicable,No,Yes,No,Not Applicable,,,,X,X,,X,,X,,X,,,,X,X,
Industry and Commerce,Ecosystems,Forestry & Logging,Commercial Timber Production,Commercial Timber Production Risk Hardening,"diversified species planting for timber production, fire-resistant infrastructure for timber production, drought-resistant tree species for timber production",Product or Service,Medium,Yes,9[SH]: Inhibiting Protection of Biodiversity and Ecosystems,No,No,Yes,Avoided Emissions,X,X,X,X,X,X,X,,X,,X,X,,,X,X,
Industry and Commerce,Ecosystems,Hospitality,Leisure,Resilient Leisure Infrastructure & Offerings,"climate-resistant recreational facilities, weather-adaptive leisure facilities, water-saving technologies in pools and spas, drought-resistant turf, resilient trail systems",Product or Service,Medium,No,Not Applicable,Yes,No,Yes,Avoided Emissions,X,X,X,,,,,,X,,X,X,,,X,X,X
Industry and Commerce,Ecosystems,Hospitality,Tourism,Resilient Tourism Infrastructure & Offerings,"climate-resilient accommodation for tourism, sustainable transport infrastructure for tourism, eco-friendly resorts and hotels, weather-adaptive tourist attractions, fire-resistant camping areas, sustainable procurement practices for tourism",Product or Service,Medium,Yes,5[SH]: Inhibiting Climate Change Mitigation,Yes,No,Yes,Avoided Emissions,X,X,X,X,X,X,X,X,X,X,X,X,,,X,X,X
Industry and Commerce,Agri-Food Systems,Logistics Services,Logistics Information Management,Industrial Logistics Information Management Risk Hardening,resilient IT infrastructure for industrial logistics information management,Product or Service,Medium,No,Not Applicable,Yes,No,No,Not Applicable,X,X,X,X,X,X,X,X,X,X,,,,,X,X,
Industry and Commerce,Agri-Food Systems,Logistics Services,Warehousing & Storage,Industrial Warehousing & Storage Risk Hardening,"fire protection for stored goods, flood-proofing warehouse facilities, temperature and humidity control in storage areas, real-time environmental monitoring in warehouses, uninterruptible power supplies (UPS) for critical warehousing systems",Product or Service,Medium,No,Not Applicable,Yes,No,Yes,Avoided Emissions,X,X,X,X,X,X,X,X,X,X,X,X,X,X,X,X,
Industry and Commerce,Social Systems,Manufacturing,Discrete Manufacturing,Aerospace and Defense Manufacturing Risk Hardening,"temperature and humidity control in precision manufacturing for aerospace and defense, flood-proofing aerospace facilities, resilient power and energy systems for aerospace manufacturing, fireproof storage for high-value aerospace components, sourcing corrosion-resistant metals for aircraft and defense systems",Product or Service,Low,Yes,4[M]: Inhibiting Necessary Change,No,No,Yes,Avoided Emissions,X,X,X,X,X,X,X,,X,X,X,X,X,,X,X,
Industry and Commerce,Agri-Food Systems,Manufacturing,Discrete Manufacturing,Automotive Manufacturing Risk Hardening,"climate-resistant automotive manufacturing facilities, fire protection in automotive manufacturing, temperature and humidity control in automotive production, flood-proofing automotive plants",Product or Service,Medium,Yes,4[M]: Inhibiting Necessary Change,No,No,Yes,Avoided Emissions,X,X,X,X,X,X,X,,X,X,,,,X,X,X,
Industry and Commerce,Agri-Food Systems,Manufacturing,Discrete Manufacturing,Industrial Equipment and Machinery Manufacturing Risk Hardening,"reinforced manufacturing facilities for equipment and machinery, fire protection for heavy machinery for equipment and machinery, dedicated cooling systems for CNC machines for equipment and machinery manufacturing, flood-proofing for manufacturing plants for equipment and machinery",Product or Service,Medium,No,Not Applicable,No,No,Yes,Avoided Emissions,X,X,X,X,X,X,X,,X,X,X,,X,X,X,X,
Industry and Commerce,Health,Manufacturing,Discrete Manufacturing,Medical Products Manufacturing Risk Hardening,"climate-resistant cleanrooms for medical products manufacturing, temperature-sensitive material storage for medical products manufacturing, fire-resistant pharmaceutical manufacturing",Product or Service,Medium,No,Not Applicable,No,No,Yes,Avoided Emissions,X,X,X,X,X,X,X,,X,,X,X,,,X,X,
Industry and Commerce,Not Applicable,Manufacturing,Discrete Manufacturing,Other Consumer Goods Manufacturing Risk Hardening,"climate-resistant manufacturing facilities for consumer goods manufacturing, fire protection for consumer goods production, flood-proofing consumer goods factories, temperature and humidity control in consumer goods manufacturing",Product or Service,Medium,No,Not Applicable,No,No,Yes,Avoided Emissions,X,X,X,X,X,X,X,X,X,X,X,X,X,X,X,X,
Industry and Commerce,Not Applicable,Manufacturing,Discrete Manufacturing,Other Discrete Manufacturing Risk Hardening,"climate-resistant production facilities for other discrete manufacturing, fire protection for production environments for other discrete manufacturing, flood-proofing for other discrete manufacturing, temperature and humidity control in production for other discrete manufacturing",Product or Service,Medium,No,Not Applicable,No,No,Yes,Avoided Emissions,X,X,X,X,X,X,X,,X,X,X,X,X,X,X,X,
Industry and Commerce,Infrastructure,Manufacturing,Discrete Manufacturing,Technology Manufacturing Risk Hardening,"climate-resistant production facilities for technology manufacturing, fire protection for technology manufacturing, flood-proofing technology manufacturing facilities, temperature and humidity control in technology production",Product or Service,Low,No,Not Applicable,No,No,Yes,Avoided Emissions,X,X,X,X,X,X,X,,X,X,X,X,X,X,X,X,
Industry and Commerce,Infrastructure,Manufacturing,Process Manufacturing,Cement Manufacturing Risk Hardening,"climate-resistant cement production facilities, fire protection for cement production, flood-proofing cement manufacturing facilities, temperature and humidity control in cement production",Product or Service,Medium,Yes,4[M]: Inhibiting Necessary Change,No,No,Yes,Avoided Emissions,X,X,X,X,X,X,X,,X,X,X,X,,,X,X,
Industry and Commerce,Infrastructure,Manufacturing,Process Manufacturing,Chemical Manufacturing Risk Hardening,"adaptive chemical manufacturing technologies, climate-resistant production facilities for chemical manufacturing, fire protection for chemical production, flood-proofing chemical manufacturing facilities, temperature and humidity control in chemical production",Product or Service,Medium,No,Not Applicable,No,No,Yes,Avoided Emissions,X,X,X,X,X,X,X,,X,X,X,X,,,X,X,
Industry and Commerce,Infrastructure,Manufacturing,Process Manufacturing,Metal Manufacturing Risk Hardening,"climate-resistant metal production facilities, fire protection for metal production, flood-proofing metal manufacturing facilities, temperature and humidity control in metal production",Product or Service,Medium,Yes,4[M]: Inhibiting Necessary Change,No,No,Yes,Avoided Emissions,X,X,X,X,X,X,X,,X,X,X,X,,,X,X,
Industry and Commerce,Infrastructure,Manufacturing,Process Manufacturing,Other Process Manufacturing Risk Hardening,"climate-resistant production facilities for other process manufacturing, fire protection for other process manufacturing, flood-proofing process for other manufacturing facilities, temperature and humidity control in other process manufacturing",Product or Service,Medium,No,Not Applicable,No,No,Yes,Avoided Emissions,X,X,X,X,X,X,X,X,X,X,X,X,X,X,X,X,
Industry and Commerce,Health,Manufacturing,Process Manufacturing,Pharmaceuticals and Biotechnology Manufacturing Risk Hardening,"fire protection for pharmaceutical and biotech production, flood-proofing pharmaceutical and biotech manufacturing facilities, temperature and humidity control in pharmaceutical and biotech production, resilient supply chain management for pharmaceuticals and biotechnology, real-time monitoring and predictive maintenance in pharmaceutical and biotech manufacturing, resilient power and energy systems for pharmaceutical and biotech manufacturing, fireproof storage for raw materials and finished products for pharmaceutical and biotech manufacturing, recycled and biobased materials for pharmaceutical and biotech production, resilient process design for pharmaceuticals and biotechnology production",Product or Service,Medium,No,Not Applicable,No,No,Yes,Avoided Emissions,X,X,X,X,X,X,X,,X,X,X,X,X,X,X,X,
Industry and Commerce,Not Applicable,Manufacturing,Process Manufacturing,Plastic and Rubber Manufacturing Risk Hardening,"reinforced production areas and machinery enclosures for plastic and rubber manufacturing, fire protection for plastic and rubber production, flood-proofing plastic and rubber manufacturing facilities, temperature and humidity control in plastic and rubber production, resilient supply chain management for plastic and rubber production, real-time monitoring and predictive maintenance in plastic and rubber manufacturing, resilient power and energy systems for plastic and rubber manufacturing, fireproof storage for raw materials and finished products for plastic and rubber manufacturing, advanced automation and robotics in plastic and rubber production",Product or Service,Medium,Yes,4[M]: Inhibiting Necessary Change,No,No,Yes,Avoided Emissions,X,X,X,X,X,X,X,,X,X,,,,,X,X,
Industry and Commerce,Not Applicable,Manufacturing,Process Manufacturing,Textile Manufacturing Risk Hardening,"fire protection for textile production, flood-proofing textile manufacturing facilities, temperature and humidity control in textile production, resilient supply chain management for textile production, resilient power and energy systems for textile manufacturing, fireproof storage for raw materials and finished textiles",Product or Service,Medium,Yes,4[M]: Inhibiting Necessary Change,No,No,Yes,Avoided Emissions,X,X,X,X,X,X,X,,X,X,X,X,,,X,X,
Industry and Commerce,Not Applicable,Mining & Quarrying,Mining,Mining Processes Risk Hardening,"climate-resistant mining infrastructure, fire protection for mining operations, flood-proofing mining sites, temperature and humidity control in mining operations",Product or Service,Low,Yes,3[M]: Worsening the Condition of Marginalized Groups,No,No,Yes,Avoided Emissions,X,X,X,X,X,X,X,X,X,X,X,X,X,X,X,X,
Industry and Commerce,Infrastructure,Other Services,Advisory and Consulting Services,Climate Advisory and Consulting Services,"climate risk assessment, resilience and adaptation strategy development, climate risk disclosure and reporting consulting services, corporate climate strategy development consulting services, infrastructure risk assessment advisory services, climate risk modeling consulting",Enabling Activity,High,No,Not Applicable,Yes,No,No,Not Applicable,X,X,X,X,X,X,X,X,,,,,,,X,X,
Industry and Commerce,Not Applicable,Other Services,Other Office-Based Services,Other Office-Based Services Risk Hardening,"resilient supply chain management for office services, designing office processes for climate resilience",Product or Service,Medium,No,Not Applicable,Yes,No,No,Not Applicable,X,X,X,X,X,X,X,,X,,,,,,X,X,
Industry and Commerce,Not Applicable,Other Services,Scientific & Engineering Services including R&D,Scientific & Engineering Services Risk Hardening,"fire protection for research and engineering facilities, flood-proofing scientific and engineering facilities, temperature and humidity control in research and engineering environments",Product or Service,Low,No,Not Applicable,No,No,No,Not Applicable,X,X,X,X,X,X,X,X,X,X,X,X,,X,X,X,
Industry and Commerce,Infrastructure,Other Services,Software Services,Software Services Risk Hardening,"climate-resistant infrastructure for software services, resilient supply chain management for software services, fireproof storage for critical software, designing software development processes for climate resilience",Product or Service,Low,No,Not Applicable,No,No,No,Not Applicable,,,,X,X,X,X,,,,,,,,X,X,
Industry and Commerce,Social Systems,Policy & Capacity Building,Policy & Capacity Building,Industry and Commerce Policy & Capacity Building,"climate-resilient industrial policies and advocacy, innovation hubs and incubators for climate adaptation for industry and commerce",Enabling Activity,Low,No,Not Applicable,No,No,No,Not Applicable,X,X,X,X,X,X,X,X,X,X,,,X,X,X,X,
Infrastructure,Water and Sanitation,Buildings,Erosion Control,Erosion Control Infrastructure,"climate-resilient retaining walls and terracing for buildings, enhanced riprap and rock armor for buildings, gabion structures with climate adaptation features for buildings, adaptive sediment control basins and ponds for buildings, climate-adaptive erosion control blankets and mats for buildings, silt fences and sediment barriers designed for extreme weather for buildings",Product or Service,Low,No,Not Applicable,Yes,No,No,Not Applicable,,,,,,X,,,X,,X,X,,X,X,X,X
Infrastructure,Water and Sanitation,Buildings,Green Building Infrastructure,Green Buildings Infrastructure,"vegetated roof overhangs for buildings, deciduous trees for buildings, rain gardens on or around buildings, bioswales for buildings, vegetated swales for buildings, green roofs, green walls, water features for buildings, planting trees and vegetation around buildings, natural ventilation for buildings, natural shade structures for buildings, building green spaces",Product or Service,High,No,Not Applicable,Yes,No,Yes,Avoided Emissions,X,X,X,X,X,X,X,X,X,X,X,X,X,,X,X,
Infrastructure,Health,Buildings,Grey Building Infrastructure,Air Conditioning Systems,"installation and maintenance of residential air conditioning, commercial air conditioning, community air conditioning, installation of centralized HVAC systems for buildings",Product or Service,High,Yes,5[SH]: Inhibiting Climate Change Mitigation,Yes,Yes,No ,Not Applicable,X,,,,,,,,X,,X,X,,,X,X,X
Infrastructure,Water and Sanitation,Buildings,Grey Building Infrastructure,Grey Buildings Infrastructure (excluding air conditioning),"insulation for buildings, heating systems for buildings, snow removal systems for buildings, thermal mass building materials for buildings, artificial windbreaks for buildings, heat recovery ventilation for buildings, flood walls and barriers for buildings, stormwater drainage systems for building, sump pumps for building, elevated foundations for building",Product or Service,Medium,Yes,5[SH]: Inhibiting Climate Change Mitigation,Yes,No,Yes,Avoided Emissions,X,X,X,X,X,X,X,X,X,X,X,X,X,,X,X,
Infrastructure,Not Applicable,Energy,"Electricity Transmission, Distribution & Storage",Distributed Energy Transmission Infrastructure,"battery storage, virtual power plants, grid interconnection equipment, vehicle-to-grid (V2G) technology",Product or Service,High,No,Not Applicable,Yes,Yes,Yes,Avoided Emissions,X,X,,X,X,X,X,,X,X,X,X,X,X,X,X,
Infrastructure,Not Applicable,Energy,"Electricity Transmission, Distribution & Storage",Energy Grid Management and Monitoring,"demand response technologies, distributed energy resource (DER) management systems, microgrid controllers, advanced distribution management systems (ADMS)",Product or Service,Medium,No,Not Applicable,Yes,No,Yes,Avoided Emissions,X,X,X,X,X,X,X,,X,,X,X,,,X,X,
Infrastructure,Not Applicable,Energy,"Electricity Transmission, Distribution & Storage",Energy Grid Risk Hardening,"grid hardening technologies, flood protection and cooling technologies for sub-stations, materials and technology to avoid sagging transmission lines, undergrounding power lines, automated grid reconfiguration, resilient grid control centers",Product or Service,Medium,No,Not Applicable,Yes,No,No,Not Applicable,X,X,X,X,X,X,X,,X,X,X,X,X,X,X,X,
Infrastructure,Not Applicable,Energy,Fossil Fuels,Fossil Fuel Facility Risk Hardening,"enhanced cooling systems for fossil fuel facilities, elevating critical equipment for fossil fuel facilities, structural reinforcement for fossil fuel facilities, heat shielding and thermal protection for fossil fuel facilities",Product or Service,Medium,Yes,4[M]: Inhibiting Necessary Change,Yes,No,No,Not Applicable,X,X,X,X,X,X,X,X,X,X,X,,X,X,X,X,
Infrastructure,Agri-Food Systems,Energy,Nonrenewable Energy  (excluding fossil fuels),Biomass Generation Risk Hardening,"structural reinforcement for biomass generation infrastructure, corrosion-resistant materials for biomass generation infrastructure, efficient drainage systems for biomass generation infrastructure",Product or Service,Medium,Yes,4[M]: Inhibiting Necessary Change,No,No,No,Not Applicable,,X,,X,X,X,X,,X,,X,X,,,X,X,X
Infrastructure,Not Applicable,Energy,Nonrenewable Energy (excluding fossil fuels),Distributed Nonrenewable Energy Generation,"distributed diesel generators, distributed oil-fired boilers, distributed propane generators",Product or Service,High,Yes,5[SH]: Inhibiting Climate Change Mitigation,Yes,Yes,No,Not Applicable,X,X,X,X,X,X,X,,X,X,X,X,X,X,X,X,X
Infrastructure,Not Applicable,Energy,Nonrenewable Energy (excluding fossil fuels),Nuclear Power Generation Risk Hardening,"structural reinforcement for nuclear power infrastructure, corrosion-resistant materials for nuclear power infrastructure, efficient drainage systems for nuclear power infrastructure",Product or Service,Medium,Yes,1[M]: Causing Unintended Harm to Humans,No,No,No,Not Applicable,X,X,X,X,X,X,X,X,X,X,X,,,,X,X,
Infrastructure,Water and Sanitation,Energy,Renewable Energy,Distributed Renewable Energy Generation,"biogas generation, solar home systems, distributed micro-wind turbines, pico-hydro power systems",Product or Service,High,No,Not Applicable,Yes,Yes,Yes,Avoided Emissions,X,X,,X,X,X,X,,X,X,X,X,X,X,X,X,X
Infrastructure,Water and Sanitation,Energy,Renewable Energy,Renewable Energy Generation Risk Hardening,"structural reinforcement for renewable energy infrastructure, corrosion-resistant materials for renewable energy infrastructure, efficient drainage systems for renewable energy infrastructure, waterproof junction boxes for renewable energy infrastructure",Product or Service,Medium,No,Not Applicable,No,No,No,Not Applicable,X,X,X,X,X,X,X,X,X,X,X,X,X,X,X,X,X
Infrastructure,Industry and Commerce,Information and Communication Technology,Computer Systems and Hardware (excluding data facilities),Computer Systems and Hardware Infrastructure Risk Hardening,"corrosion-resistant materials for hardware components, efficient cooling and ventilation systems for computers, waterproof and dustproof enclosures for computers",Product or Service,Low,No,Not Applicable,Yes,No,Yes,Avoided Emissions,X,X,X,X,X,X,X,,X,X,X,X,X,X,X,X,X
Infrastructure,Industry and Commerce,Information and Communication Technology,Data Facilities,Data Center Infrastructure Risk Hardening,"energy-efficient cooling systems for data centers, geographic diversification of data centers, structural reinforcement for data center buildings, power protection and redundancy for data centers",Product or Service,Low,No,Not Applicable,Yes,No,Yes,Avoided Emissions,X,X,X,X,X,X,X,,X,X,X,X,,X,X,X,
Infrastructure,Industry and Commerce,Information and Communication Technology,Transmission Networks,Transmission Networks Infrastructure Risk Hardening,"structural reinforcement of transmission towers and lines, corrosion protection for transmission infrastructure, flood and water protection for transmission networks, fire-resistant materials and coatings for transmission networks",Product or Service,Medium,No,Not Applicable,Yes,No,Yes,Avoided Emissions,X,X,X,X,X,X,X,,X,X,X,X,X,X,X,X,
Infrastructure,Industry and Commerce,Infrastructure Monitoring,Infrastructure Monitoring,Prediction and Surveillance of Climate-Related Infrastructure Risks,infrastructure early warning systems for climate hazards,Intelligence,High,No,Not Applicable,Yes,No,No,Not Applicable,X,X,X,X,X,X,X,X,X,,X,X,,X,X,X,X
Infrastructure,Social Systems,Policy & Capacity Building,Policy & Capacity Building,Infrastructure Policy & Capacity Building,"climate-resilient infrastructure policies, resilient urban infrastructure planning, cross-sectoral coordination and collaboration for infrastructure climate planning, infrastructure governance and accountability for addressing climate hazards",Enabling Activity,Medium,No,Not Applicable,No,No,No,Not Applicable,X,X,X,X,X,X,X,X,,,,,,,,,
Infrastructure,Not Applicable,Transport,Aviation,Aviation Infrastructure Risk Hardening,"airport infrastructure resilience, heat resilience and cooling systems for avian infrastructure, runway and taxiway drainage systems, lightning protection systems for aircraft, temperature-related aircraft performance adjustments, fuel management and storage in extreme conditions",Product or Service,Medium,Yes,4[M]: Inhibiting Necessary Change,Yes,No,Yes,Avoided Emissions,X,X,X,X,X,X,X,,X,X,X,X,X,X,X,X,
Infrastructure,Health,Transport,Other Transport,Other Public Transit Infrastructure Risk Hardening,"stormwater management for other transit infrastructure, wind and storm resilience for other transit infrastructure, extreme temperature adaptation for other transit vehicles",Product or Service,Medium,No,Not Applicable,Yes,No,Yes,Avoided Emissions,X,X,,X,X,X,X,,X,X,X,X,X,X,X,X,
Infrastructure,Industry and Commerce,Transport,Ports,Port Infrastructure Risk Hardening ,"sea-level rise adaptation for port infrastructure, storm surge and flood protection for port infrastructure, reinforced breakwaters and seawalls for port infrastructure",Product or Service,Medium,No,Not Applicable,Yes,No,Yes,Avoided Emissions,X,X,,X,X,X,X,X,X,X,X,,X,X,X,X,
Infrastructure,Industry and Commerce,Transport,Railways,Railway Infrastructure Risk Hardening,"heat resistant materials for railroad tracks, sensors for railroads/bridges/tunnels, flood protection and water management for railway infrastructure, wind and storm resilience for railway infrastructure, cold weather adaptations for railway operations",Product or Service,Medium,No,Not Applicable,No,No,Yes,Avoided Emissions,X,X,,X,X,X,X,,X,X,X,X,X,X,X,X,
Infrastructure,Industry and Commerce,Transport,Roads,Road Infrastructure Risk Hardening,"installation of road drainage, permeable/non-slip pavement for road infrastructure, elevation of roads and highways, installation of culverts for road infrastructure, extreme temperature-resistant paving material for road infrastructure",Product or Service,Medium,No,Not Applicable,Yes,No,Yes,Avoided Emissions,X,X,,X,X,X,X,,X,X,,,,X,X,X,
Infrastructure,Water and Sanitation,Urban Spaces,Green Urban Infrastructure,Urban Parks and Green Spaces,"tree planting and canopy expansion in urban environments, rain gardens and bioswales in urban environments, drought-tolerant landscaping in urban environments, shade structures and cooling infrastructure in urban environments, flood-proof park facilities",Product or Service,Medium,No,Not Applicable,Yes,No,Yes,Carbon Sequestration,X,,X,X,X,,,,,,,X,,,X,X,X
Infrastructure,Health,Urban Spaces,Grey Urban Infrastructure,Grey Urban Cooling Infrastructure,"cool pavements in urban environments, solar-reflective shade canopies in urban environments, reflective asphalt coatings in urban environments, fountains and splash pads in urban environments, cooling urban furniture",Product or Service,High,Yes,5[SH]: Inhibiting Climate Change Mitigation,Yes,No,No,Not Applicable,X,,,,,,,,X,X,X,X,X,,X,X,
Infrastructure,Water and Sanitation,Waste,Liquid Waste Management,Industrial Wastewater Treatment Infrastructure (excluding municipal wastewater treatment),"hazardous industrial wastewater treatment, containment and storage systems for industrial wastewater treatment, chemical neutralization and detoxification for industrial wastewater treatment, chemical oxidation and advanced oxidation processes for industrial wastewater treatment",Product or Service,Low,No,Not Applicable,No,No,Yes,Avoided Emissions,,,X,,X,,,,X,X,,,X,,X,X,
Infrastructure,Industry and Commerce,Waste,Solid Waste Management,Solid Waste Management Infrastructure (excluding agricultural waste),"e-waste recycling, material recovery facilities (MRFs), resource recovery for solid waste management, landfills with advanced engineering for solid waste management, hazardous waste treatment and disposal for solid waste management",Product or Service,Low,Yes,7[SH]: Inhibiting the Transition to a Circular Economy,Yes,No,Yes,Avoided Emissions,,,,X,X,,,,X,X,,,,X,X,X,
Social Systems,Not Applicable,Culture,Cultural Facilities,Management of Cultural Facilities,"protections of museums, protection of libraries, protection of art galleries, protection of concert halls, artifact and art storage, art and artifact transport, cultural facility insurance coverage",Product or Service,Low,No,Not Applicable,Yes,Yes,No,Not Applicable,,,,X,X,X,X,,,,,,,,X,X,
Social Systems,Not Applicable,Culture,Cultural Heritage,Preservation of Cultural Heritage,"protection of historical sites, protection of cultural artifacts, safeguarding traditions, safeguarding indigenous practices, protecting indigenous knowledge and culture, promotion of traditional crafts and skills, participatory mapping of cultural sites, 3D scanning and digital archiving, crowdsourced digital heritage projects",Enabling Activity,Low,No,Not Applicable,No,Yes,No,Not Applicable,X,X,X,X,X,X,X,X,,,,,,,,,X
Social Systems,Not Applicable,Education & Awareness,Educational Institutions,Adult Education on Climate Change,"online courses and webinars on climate change, workplace training programs on climate change",Enabling Activity,High,No,Not Applicable,No,No,No,Not Applicable,X,X,X,X,X,X,X,X,,,,,,,,X,X
Social Systems,Not Applicable,Education & Awareness,Educational Institutions,Childhood Education on Climate Change,"age-appropriate climate science lessons, environmental-themed books and reading programs, climate change simulations and games, student-led environmental initiatives, classroom integration of climate across subjects, interactive climate change exhibits in schools",Enabling Activity,High,No,Not Applicable,No,No,No,Not Applicable,X,X,X,X,X,X,X,X,,,,,,,,X,X
Social Systems,Not Applicable,Education & Awareness,Public Awareness,Climate Change Art,"climate change arts installations, documentaries on climate change, visual arts on climate change, performance art on climate change, public art projects on climate change, music and sound art on climate change, crowdsourced climate art, thematic exhibitions on climate change, pop-up climate galleries",Enabling Activity,High,No,Not Applicable,No,No,No,Not Applicable,X,X,X,X,X,X,X,X,,,,,,,,,X
Social Systems,Not Applicable,Education & Awareness,Public Awareness,Climate Change News & Public Media,"public service announcements (PSAs) on climate change, climate journalism, climate change news websites and blogs, climate change podcasts, social media campaigns on climate change, climate change tv news segments, environmental newsletters on climate change, climate change infographics and visual media, environmental advocacy and campaign videos on climate change, climate change public broadcasting",Enabling Activity,High,No,Not Applicable,No,No,No,Not Applicable,X,X,X,X,X,X,X,X,,,,,,,X,X,X
Social Systems,Not Applicable,Education & Awareness,Public Awareness,Climate Change Public Events,"climate change marches and demonstrations, climate action days, educational campaigns on climate change, public forums and town halls on climate change, climate action workshops for the public, climate change fundraising events, climate change speaker series",Enabling Activity,High,No,Not Applicable,No,No,No,Not Applicable,X,X,X,X,X,X,X,X,,,,,,,X,X,X
Social Systems,Not Applicable,Policy & Capacity Building,Policy & Capacity Building,Social Systems Policy & Capacity Building,"advocacy for social justice in climate policy, capacity building for civil society organizations focused on climate change",Enabling Activity,Medium,No,Not Applicable,No,Yes,No,Not Applicable,X,X,X,X,X,X,X,X,,,,,,,,,
Social Systems,Industry and Commerce,Public Administration,Disaster Risk Reduction,Climate Hazard Vulnerability Assessments,"geospatial mapping of climate hazards and marginalized communities, participatory vulnerability mapping, multi-hazard risk assessments, composite vulnerability indices",Intelligence,High,No,Not Applicable,No,No,No,Not Applicable,X,X,X,X,X,X,X,X,X,X,X,X,X,X,X,X,X
Social Systems,Not Applicable,Public Administration,Disaster Risk Reduction,Climate-Responsive Legal and Institutional Frameworks,"disaster risk reduction legislation, training for legal professionals on climate change, legal institutional capacity building on climate change, legal frameworks for climate adaptation, environmental justice legislation",Enabling Activity,High,No,Not Applicable,No,No,No,Not Applicable,X,X,X,X,X,X,X,X,,,,,,,,,
Social Systems,Health,Public Administration,Disaster Risk Reduction,Public Disaster Response and Recovery Planning,"community-based disaster risk management (CBDRM), public disaster contingency planning, public recovery and reconstruction, public incident command systems, public emergency alert systems, public post-disaster recovery and rebuilding assistance",Enabling Activity,Medium,No,Not Applicable,No,No,No,Not Applicable,X,X,,X,X,X,X,,,,X,X,,X,X,X,
Social Systems,Ecosystems,Public Administration,Land Use Administration,Climate-Responsive Land Use Planning and Zoning,"climate-responsive zoning restrictions, coastal setback regulations sea-level rise adaptation zones, wildfire risk zoning",Enabling Activity,High,Yes,3[M]: Worsening the Condition of Marginalized Groups,Yes,No,Yes,Avoided Emissions,X,X,X,X,X,X,X,,,,,,,,,,
Social Systems,Not Applicable,Public Administration,National Security,Climate Security,"climate security defense units, joint military exercises focused on climate change scenarios, training security forces for climate-related disaster response, integrating climate risk assessments into national security strategies, climate-related conflict prevention and mediation, civil-military coordination in climate emergencies",Enabling Activity,High,No,Not Applicable,No,No,No,Not Applicable,X,X,X,X,X,X,X,X,,,,X,,,X,X,
Social Systems,Not Applicable,Public Administration,Public Adaptation Plans,Public Adaptation Plans,"national adaptation plans (NAPS), local adaptation plans, sector-specific adaptation strategies, urban adaptation strategies",Enabling Activity,High,No,Not Applicable,No,No,No,Not Applicable,X,X,X,X,X,X,X,X,,,,,,,X,X,
Social Systems,Industry and Commerce,Social Protection,Livelihoods Support,Climate-Linked Social Insurance,"parametric livelihood insurance, parametric insurance for urban poor, climate-linked unemployment insurance, climate-linked social protection schemes, community-based microinsurance",Enabling Activity,High,No,Not Applicable,No,Yes,No,Not Applicable,X,X,X,X,X,X,X,X,,,,,,X,,,
Social Systems,Industry and Commerce,Social Protection,Livelihoods Support,Community Climate-Resilient Economic Development,"social safety nets, poverty reduction programs and workforce development for those with vulnerable jobs",Enabling Activity,High,No,Not Applicable,No,Yes,No,Not Applicable,X,X,X,X,X,X,X,X,,,,,,,,,
Social Systems,Industry and Commerce,Social Protection,Livelihoods Support,Direct Economic Support to Vulnerable Communities,"seasonal cash transfers, disaster relief funds, livelihood diversification support",Enabling Activity,Low,No,Not Applicable,No,Yes,No,Not Applicable,X,X,X,X,X,X,X,X,,,,,,,,,
Social Systems,Agri-Food Systems,Social Protection,Social Assistance,Climate-Related Migration and Resettlement Management,"climate-related refugee assistance, repatriation and resettlement for climate-related migration, buy-outs for unrecoverable land due to climate change, participatory resettlement planning due to climate change",Enabling Activity,High,Yes,3[M]: Worsening the Condition of Marginalized Groups,No,Yes,Yes,Avoided Emissions,X,X,X,X,X,X,X,X,,,,,,,,,X
Water and Sanitation,Social Systems,Policy & Capacity Building,Policy & Capacity Building,Water and Sanitation Policy & Capacity Building,"water dispute resolutions and treaties, water user agreements, institutional policy reforms for water management, water and sanitation policy frameworks, integrated water resources management (iwrm)",Enabling Activity,Medium,No,Not Applicable,No,Yes,No ,Not Applicable,X,X,X,X,X,X,X,X,,,,,,,,,
Water and Sanitation,Health,WASH Services,Sanitation Services,On-Site Sanitation,"septic systems, household biofiltration systems, composting toilets, household anaerobic digesters, household constructed wetlands, vault toilets",Product or Service,Low,No,Not Applicable,No,Yes,Yes,Avoided Emissions,,,,X,X,,,X,,,X,X,,,,X,X
Water and Sanitation,Infrastructure,WASH Services,Sanitation Services,Wastewater Treatment and Reuse (excluding industrial treatment),"efficient wastewater treatment plants, soil conditioners from wastewater treatment, home-building briquettes from wastewater treatment, wastewater treatment for domestic uses, sludge reuse from wastewater treatment, activated sludge process from wastewater treatment",Product or Service,Medium,No,Not Applicable,Yes,No,Yes,Avoided Emissions,,,X,,,,,,X,X,X,X,X,X,X,X,
Water and Sanitation,Infrastructure,WASH Services,Water Services,Industrial Water Treatment (excluding irrigation),"reverse osmosis (ro) for water industrial treatment, advanced oxidation processes (aops) for water industrial treatment, activated sludge process for water industrial treatment, membrane bioreactors (mbrs) for water industrial treatment, electrocoagulation for water industrial treatment, centrifugation for water industrial treatment, evaporation and crystallization for water industrial treatment, ion exchange for water industrial treatment, chemical precipitation for water industrial treatment, dissolved air flotation (daf) for water industrial treatment, bioremediation for water industrial treatment, granular activated carbon (gac) filtration for water industrial treatment, hydrocyclones for water industrial treatment, ozone treatment for water industrial treatment, ultrafiltration (uf) for water industrial treatment, nanofiltration (nf) for water industrial treatment, thermal desalination for water industrial treatment, zero liquid discharge (zld) for water industrial treatment, separator systems for water industrial treatment, wet air oxidation (wao) for water industrial treatment, pipelines for water industrial treatment, water storage tanks for water industrial treatment, pump stations  for water industrial treatment, water distribution networks for industrial purposes, pressure reducing stations for water industrial treatment, water metering systems for water industrial treatment",Product or Service,Low,No,Not Applicable,No,No,Yes,Avoided Emissions,,,X,,X,X,,,X,X,,,,,X,X,
Water and Sanitation,Infrastructure,WASH Services,Water Services,Potable Water Treatment and Delivery ,"efficient water treatment plants, pipes for water delivery, boreholes, tube wells, reverse osmosis (ro) for water treatment, ultraviolet (uv) disinfection for water treatment, activated carbon filtration for water treatment, ozone treatment for water treatment, chlorination for water treatment, distillation for water treatment, electrodialysis for water treatment, flocculation and sedimentation for water treatment, filtration for water treatment, membrane filtration for water treatment, biological filtration for water treatment, ion exchange for water treatment, granular activated carbon (gac) filters for water treatment, hydroponic water treatment for water treatment, precipitation and filtration for water treatment, chemical oxidation for water treatment, nanotechnology for water treatment, hydrogen peroxide treatment for water treatment, water treatment plants, on-site treatment plants, off-site water treatment plants, water pipelines, water pump stations",Product or Service,Medium,Yes,6[SH]: Inhibiting the Protection of Water and Marine Resources,Yes,Yes,No,Not Applicable,X,,X,X,X,,X,,X,X,X,X,X,X,X,X,X
Water and Sanitation,Infrastructure,WASH Services,Water Services,Water Efficiency Improvement Measures (excluding irrigation),"low-flow fixtures, water-efficient appliances, water-saving technologies, water-efficient landscaping, cooling system optimization, water-efficient showerheads, low-water-use washing machines, eco-friendly dishwashers",Product or Service,High,No,Not Applicable,Yes,No,Yes,Avoided Emissions,,,X,,,,,,X,,X,X,,X,X,X,
Water and Sanitation,Infrastructure,WASH Services,Water Services,Water Use Management and Monitoring,"reducing non-revenue water, household water metering and monitoring, water-use restrictions, behavior interventions to reduce waste ruse, smart water meters",Product or Service,High,Yes,3[M]: Worsening the Condition of Marginalized Groups,Yes,No,Yes,Avoided Emissions,,,X,,,,,,X,,X,X,,X,X,X,
Water and Sanitation,Infrastructure,WASH Services,Water Supply,Alternative Water Sources,"fog harvesting, atmospheric water generators (awgs), iceberg towing, solar still, dew collection, ice and snow harvesting",Product or Service,Medium,Yes,5[SH]: Inhibiting Climate Change Mitigation,No,No,No,Not Applicable,,,X,,,,,,X,,X,X,,,X,X,
Water and Sanitation,Infrastructure,WASH Services,Water Supply,Artificial Water Storage,"water tanks, underground cisterns, water banks",Product or Service,Medium,No,Not Applicable,No,Yes,No,Not Applicable,,,X,,,,,,X,,X,X,,,,X,X
Water and Sanitation,Infrastructure,WASH Services,Water Supply,Desalination,"reverse osmosis systems, vapor-compression desalination",Product or Service,High,Yes,5[SH]: Inhibiting Climate Change Mitigation,Yes,No,No,Not Applicable,,,X,,,,,,X,X,X,X,X,X,X,X,X
Water and Sanitation,Infrastructure,WASH Services,Water Supply,Water Harvesting ,"rooftop rainwater harvesting, courtyard rainwater harvesting, terrace rainwater harvesting, rainwater harvesting ponds, rainwater harvesting trenches",Product or Service,Medium,No,Not Applicable,No,Yes,No,Not Applicable,,,X,,,,X,,X,,X,X,,,X,X,X
Water and Sanitation,Infrastructure,WASH Services,Water Supply,Water Supply Management and Monitoring,"reservoir and dam operations management, water distribution system leak detection and repair programs, interbasin water transfer schemes",Product or Service,Medium,No,Not Applicable,Yes,No,No,Not Applicable,,,X,,,,X,,,,X,X,,X,X,X,X
Water and Sanitation,Infrastructure,Water Hazards,Drought Management,Drought Forecasting Systems,"hydrological drought forecasting models, seasonal climate prediction models, integrated drought forecasting platforms",Intelligence,High,No,Not Applicable,No,No,No,Not Applicable,,,X,,,,,,X,,X,X,,X,X,X,
Water and Sanitation,Industry and Commerce,Water Hazards,Drought Management,Drought Insurance,"municipal drought insurance, business interruption insurance for drought, drought index insurance for utilities",Enabling Activity,Medium,Yes,4[M]: Inhibiting Necessary Change,No,No,No ,Not Applicable,,,X,,,,,,,,,,,X,,,X
Water and Sanitation,Social Systems,Water Hazards,Drought Management,Nonstructural Drought Management,"drought contingency planning, public awareness and education campaigns on drought, demand management and rationing, drought financial support mechanisms",Enabling Activity,Medium,No,Not Applicable,No,No,No,Not Applicable,,,X,,,,,,,,,,,,,,X
Water and Sanitation,Infrastructure,Water Hazards,Flood Management,Flood Forecasting Systems,"river level monitoring and forecasting systems, rainfall monitoring and precipitation forecasting, remote sensing and satellite imagery analysis of precipitation patterns, flood inundation mapping and modeling systems",Intelligence,High,No,Not Applicable,Yes,No,No,Not Applicable,,,,,X,,,,,,X,X,,X,X,X,
Water and Sanitation,Industry and Commerce,Water Hazards,Flood Management,Flood Insurance,"national flood insurance program (nfip) policies, private market flood insurance, excess flood insurance, residential building and contents coverage for flood insurance",Enabling Activity,High,Yes,4[M]: Inhibiting Necessary Change,Yes,No,No ,Not Applicable,,,,,X,,,,,,,,,X,,,
Water and Sanitation,Infrastructure,Water Hazards,Flood Management,Flood Management Infrastructure,"coastal flood protection structures, flood acceptance structures, flood barrier structures, flood containment structures, flood discharge structures, breakwaters, quays, seawalls, groynes, revetments, dikes, levees",Product or Service,High,No,Not Applicable,Yes,No,Yes,Avoided Emissions,,,,,X,,,,X,X,X,X,X,X,X,X,X
Water and Sanitation,Social Systems,Water Hazards,Flood Management,Nonstructural Flood Management Measures,"building codes and standards for flood-resilient construction, public incentive programs for flood risk reduction including behavioral interventions",Enabling Activity,Medium,No,Not Applicable,Yes,No,Yes,Avoided Emissions,,,,,X,,,,X,,,,,,,,X
Water and Sanitation,Infrastructure,Water Hazards,General Water Hazard Management,Flood and Drought Early Warning and Alert Systems,"community-based early warning systems, drought monitoring indices (e.g., flash flood guidance systems",Intelligence,High,No,Not Applicable,Yes,No,No,Not Applicable,,,,,X,,,,X,,X,X,,X,X,X,X
Water and Sanitation,Infrastructure,Water Hazards,General Water Hazard Management,Water Quality Monitoring,"tracking PH levels in freshwater sources for drinking water, real-time monitoring of water temperature fluctuations, monitoring nutrient loading (nitrogen and phosphorus), salinity monitoring in coastal and estuarine areas, monitoring cyanobacteria and algal blooms in drinking water systems",Intelligence,Medium,No,Not Applicable,No,No,No,Not Applicable,X,,X,X,X,X,X,,,,X,X,,X,X,X,X